﻿<?xml version="1.0" encoding="utf-8"?>
<abapGit version="v1.0.0" serializer="LCL_OBJECT_FUGR" serializer_version="v1.0.0">
 <asx:abap xmlns:asx="http://www.sap.com/abapxml" version="1.0">
  <asx:values>
   <AREAT>Funciones diversos propositos</AREAT>
   <INCLUDES>
    <SOBJ_NAME>LZ_MY_RFCTOP</SOBJ_NAME>
    <SOBJ_NAME>SAPLZ_MY_RFC</SOBJ_NAME>
   </INCLUDES>
   <FUNCTIONS>
    <item>
     <FUNCNAME>Z_TABLE_READ_VIA_RFC</FUNCNAME>
     <REMOTE_CALL>R</REMOTE_CALL>
     <SHORT_TEXT>MF Recuperacion tabla</SHORT_TEXT>
     <IMPORT>
      <RSIMP>
       <PARAMETER>ID_TABNAME</PARAMETER>
       <TYP>TABNAME</TYP>
      </RSIMP>
     </IMPORT>
     <EXPORT>
      <RSEXP>
       <PARAMETER>ED_XSTRING</PARAMETER>
       <TYP>XSTRING</TYP>
      </RSEXP>
     </EXPORT>
     <EXCEPTION>
      <RSEXC>
       <EXCEPTION>SYSTEM_FAILURE</EXCEPTION>
      </RSEXC>
      <RSEXC>
       <EXCEPTION>COMMUNICATION_FAILURE</EXCEPTION>
      </RSEXC>
      <RSEXC>
       <EXCEPTION>ERROR</EXCEPTION>
      </RSEXC>
     </EXCEPTION>
     <DOCUMENTATION>
      <RSFDO>
       <PARAMETER>ID_TABNAME</PARAMETER>
       <KIND>P</KIND>
       <STEXT>Nombre de tabla</STEXT>
       <INDEX> 001</INDEX>
      </RSFDO>
      <RSFDO>
       <PARAMETER>ED_XSTRING</PARAMETER>
       <KIND>P</KIND>
       <INDEX> 002</INDEX>
      </RSFDO>
      <RSFDO>
       <PARAMETER>SYSTEM_FAILURE</PARAMETER>
       <KIND>X</KIND>
       <STEXT>Error de sistema</STEXT>
       <INDEX> 003</INDEX>
      </RSFDO>
      <RSFDO>
       <PARAMETER>COMMUNICATION_FAILURE</PARAMETER>
       <KIND>X</KIND>
       <STEXT>Error de comunicacion</STEXT>
       <INDEX> 004</INDEX>
      </RSFDO>
      <RSFDO>
       <PARAMETER>ERROR</PARAMETER>
       <KIND>X</KIND>
       <STEXT>Error desconocido</STEXT>
       <INDEX> 005</INDEX>
      </RSFDO>
     </DOCUMENTATION>
    </item>
   </FUNCTIONS>
  </asx:values>
 </asx:abap>
</abapGit>
