﻿<?xml version="1.0" encoding="utf-8"?>
<abapGit version="v1.0.0" serializer="LCL_OBJECT_SRFC" serializer_version="v1.0.0">
 <asx:abap xmlns:asx="http://www.sap.com/abapxml" version="1.0">
  <asx:values>
   <SRFC>
    <HEADER>
     <ID>Z_TABLE_READ_VIA_RFC</ID>
     <VERSION>A</VERSION>
     <FUNCNAME>Z_TABLE_READ_VIA_RFC</FUNCNAME>
     <CREATEDBY>SE55324</CREATEDBY>
     <CREATEDON>2015-12-02</CREATEDON>
     <CREATEDAT>11:22:00</CREATEDAT>
    </HEADER>
    <TEXT>
     <ID>Z_TABLE_READ_VIA_RFC</ID>
     <VERSION>A</VERSION>
     <LANG>S</LANG>
     <SHORTTEXT>Default RFC Service for Function-Module: Z_TABLE_READ_VIA_RFC</SHORTTEXT>
    </TEXT>
   </SRFC>
  </asx:values>
 </asx:abap>
</abapGit>
