﻿<?xml version="1.0" encoding="utf-8"?>
<abapGit version="v1.0.0" serializer="LCL_OBJECT_TABL" serializer_version="v1.0.0">
 <asx:abap xmlns:asx="http://www.sap.com/abapxml" version="1.0">
  <asx:values>
   <DD02V>
    <TABNAME>ZRBC_USER_PARAM</TABNAME>
    <TABCLASS>INTTAB</TABCLASS>
   </DD02V>
   <DD03P_TABLE>
    <DD03P>
     <TABNAME>ZRBC_USER_PARAM</TABNAME>
     <FIELDNAME>USER</FIELDNAME>
     <POSITION>0001</POSITION>
     <ROLLNAME>XUBNAME</ROLLNAME>
     <ADMINFIELD>0</ADMINFIELD>
     <COMPTYPE>E</COMPTYPE>
    </DD03P>
    <DD03P>
     <TABNAME>ZRBC_USER_PARAM</TABNAME>
     <FIELDNAME>PARID</FIELDNAME>
     <POSITION>0002</POSITION>
     <ROLLNAME>MEMORYID</ROLLNAME>
     <ADMINFIELD>0</ADMINFIELD>
     <COMPTYPE>E</COMPTYPE>
    </DD03P>
    <DD03P>
     <TABNAME>ZRBC_USER_PARAM</TABNAME>
     <FIELDNAME>PARVA</FIELDNAME>
     <POSITION>0003</POSITION>
     <ROLLNAME>XUVALUE18</ROLLNAME>
     <ADMINFIELD>0</ADMINFIELD>
     <COMPTYPE>E</COMPTYPE>
    </DD03P>
    <DD03P>
     <TABNAME>ZRBC_USER_PARAM</TABNAME>
     <FIELDNAME>PARTXT</FIELDNAME>
     <POSITION>0004</POSITION>
     <ROLLNAME>AS4TEXT</ROLLNAME>
     <ADMINFIELD>0</ADMINFIELD>
     <COMPTYPE>E</COMPTYPE>
    </DD03P>
   </DD03P_TABLE>
  </asx:values>
 </asx:abap>
</abapGit>
