﻿<?xml version="1.0" encoding="utf-8"?>
<abapGit version="v1.0.0" serializer="LCL_OBJECT_TABL" serializer_version="v1.0.0">
 <asx:abap xmlns:asx="http://www.sap.com/abapxml" version="1.0">
  <asx:values>
   <DD02V>
    <TABNAME>ZRBC_USER_ROLE</TABNAME>
    <TABCLASS>INTTAB</TABCLASS>
   </DD02V>
   <DD03P_TABLE>
    <DD03P>
     <TABNAME>ZRBC_USER_ROLE</TABNAME>
     <FIELDNAME>USER</FIELDNAME>
     <POSITION>0001</POSITION>
     <ROLLNAME>XUBNAME</ROLLNAME>
     <ADMINFIELD>0</ADMINFIELD>
     <COMPTYPE>E</COMPTYPE>
    </DD03P>
    <DD03P>
     <TABNAME>ZRBC_USER_ROLE</TABNAME>
     <FIELDNAME>AGR_NAME</FIELDNAME>
     <POSITION>0002</POSITION>
     <ROLLNAME>AGR_NAME</ROLLNAME>
     <ADMINFIELD>0</ADMINFIELD>
     <SHLPORIGIN>D</SHLPORIGIN>
     <COMPTYPE>E</COMPTYPE>
    </DD03P>
    <DD03P>
     <TABNAME>ZRBC_USER_ROLE</TABNAME>
     <FIELDNAME>FROM_DAT</FIELDNAME>
     <POSITION>0003</POSITION>
     <ROLLNAME>MENU_DATE</ROLLNAME>
     <ADMINFIELD>0</ADMINFIELD>
     <SHLPORIGIN>T</SHLPORIGIN>
     <COMPTYPE>E</COMPTYPE>
    </DD03P>
    <DD03P>
     <TABNAME>ZRBC_USER_ROLE</TABNAME>
     <FIELDNAME>TO_DAT</FIELDNAME>
     <POSITION>0004</POSITION>
     <ROLLNAME>MENU_DATE</ROLLNAME>
     <ADMINFIELD>0</ADMINFIELD>
     <SHLPORIGIN>T</SHLPORIGIN>
     <COMPTYPE>E</COMPTYPE>
    </DD03P>
    <DD03P>
     <TABNAME>ZRBC_USER_ROLE</TABNAME>
     <FIELDNAME>AGR_TEXT</FIELDNAME>
     <POSITION>0005</POSITION>
     <ROLLNAME>AGR_TITLE</ROLLNAME>
     <ADMINFIELD>0</ADMINFIELD>
     <COMPTYPE>E</COMPTYPE>
    </DD03P>
    <DD03P>
     <TABNAME>ZRBC_USER_ROLE</TABNAME>
     <FIELDNAME>ORG_FLAG</FIELDNAME>
     <POSITION>0006</POSITION>
     <ROLLNAME>AGR_ORGCOL</ROLLNAME>
     <ADMINFIELD>0</ADMINFIELD>
     <VALEXI>X</VALEXI>
     <SHLPORIGIN>F</SHLPORIGIN>
     <COMPTYPE>E</COMPTYPE>
    </DD03P>
   </DD03P_TABLE>
  </asx:values>
 </asx:abap>
</abapGit>
