﻿<?xml version="1.0" encoding="utf-8"?>
<abapGit version="v1.0.0" serializer="LCL_OBJECT_TABL" serializer_version="v1.0.0">
 <asx:abap xmlns:asx="http://www.sap.com/abapxml" version="1.0">
  <asx:values>
   <DD02V>
    <TABNAME>ZRBC_USER_DATA</TABNAME>
    <TABCLASS>INTTAB</TABCLASS>
   </DD02V>
   <DD03P_TABLE>
    <DD03P>
     <TABNAME>ZRBC_USER_DATA</TABNAME>
     <FIELDNAME>USER</FIELDNAME>
     <POSITION>0001</POSITION>
     <ROLLNAME>XUBNAME</ROLLNAME>
     <ADMINFIELD>0</ADMINFIELD>
     <COMPTYPE>E</COMPTYPE>
    </DD03P>
    <DD03P>
     <TABNAME>ZRBC_USER_DATA</TABNAME>
     <FIELDNAME>FIRSTNAME</FIELDNAME>
     <POSITION>0002</POSITION>
     <ROLLNAME>AD_NAMEFIR</ROLLNAME>
     <ADMINFIELD>0</ADMINFIELD>
     <COMPTYPE>E</COMPTYPE>
    </DD03P>
    <DD03P>
     <TABNAME>ZRBC_USER_DATA</TABNAME>
     <FIELDNAME>LASTNAME</FIELDNAME>
     <POSITION>0003</POSITION>
     <ROLLNAME>AD_NAMELAS</ROLLNAME>
     <ADMINFIELD>0</ADMINFIELD>
     <COMPTYPE>E</COMPTYPE>
    </DD03P>
    <DD03P>
     <TABNAME>ZRBC_USER_DATA</TABNAME>
     <FIELDNAME>DEPARTMENT</FIELDNAME>
     <POSITION>0004</POSITION>
     <ROLLNAME>AD_DPRTMNT</ROLLNAME>
     <ADMINFIELD>0</ADMINFIELD>
     <COMPTYPE>E</COMPTYPE>
    </DD03P>
    <DD03P>
     <TABNAME>ZRBC_USER_DATA</TABNAME>
     <FIELDNAME>FUNCTION</FIELDNAME>
     <POSITION>0005</POSITION>
     <ROLLNAME>AD_FNCTN</ROLLNAME>
     <ADMINFIELD>0</ADMINFIELD>
     <COMPTYPE>E</COMPTYPE>
    </DD03P>
    <DD03P>
     <TABNAME>ZRBC_USER_DATA</TABNAME>
     <FIELDNAME>LANGU_P</FIELDNAME>
     <POSITION>0006</POSITION>
     <ROLLNAME>SPRAS</ROLLNAME>
     <ADMINFIELD>0</ADMINFIELD>
     <SHLPORIGIN>D</SHLPORIGIN>
     <COMPTYPE>E</COMPTYPE>
     <LANGUFLAG>X</LANGUFLAG>
    </DD03P>
    <DD03P>
     <TABNAME>ZRBC_USER_DATA</TABNAME>
     <FIELDNAME>E_MAIL</FIELDNAME>
     <POSITION>0007</POSITION>
     <ROLLNAME>AD_SMTPADR</ROLLNAME>
     <ADMINFIELD>0</ADMINFIELD>
     <COMPTYPE>E</COMPTYPE>
    </DD03P>
    <DD03P>
     <TABNAME>ZRBC_USER_DATA</TABNAME>
     <FIELDNAME>USTYP</FIELDNAME>
     <POSITION>0008</POSITION>
     <ROLLNAME>XUUSTYP</ROLLNAME>
     <ADMINFIELD>0</ADMINFIELD>
     <VALEXI>X</VALEXI>
     <SHLPORIGIN>F</SHLPORIGIN>
     <COMPTYPE>E</COMPTYPE>
    </DD03P>
    <DD03P>
     <TABNAME>ZRBC_USER_DATA</TABNAME>
     <FIELDNAME>UFLAG</FIELDNAME>
     <POSITION>0009</POSITION>
     <ROLLNAME>XUUFLAG</ROLLNAME>
     <ADMINFIELD>0</ADMINFIELD>
     <VALEXI>X</VALEXI>
     <SHLPORIGIN>F</SHLPORIGIN>
     <COMPTYPE>E</COMPTYPE>
    </DD03P>
    <DD03P>
     <TABNAME>ZRBC_USER_DATA</TABNAME>
     <FIELDNAME>CLASS</FIELDNAME>
     <POSITION>0010</POSITION>
     <ROLLNAME>XUCLASS</ROLLNAME>
     <ADMINFIELD>0</ADMINFIELD>
     <COMPTYPE>E</COMPTYPE>
    </DD03P>
    <DD03P>
     <TABNAME>ZRBC_USER_DATA</TABNAME>
     <FIELDNAME>ERDAT</FIELDNAME>
     <POSITION>0011</POSITION>
     <ROLLNAME>XUERDAT</ROLLNAME>
     <ADMINFIELD>0</ADMINFIELD>
     <SHLPORIGIN>T</SHLPORIGIN>
     <COMPTYPE>E</COMPTYPE>
    </DD03P>
    <DD03P>
     <TABNAME>ZRBC_USER_DATA</TABNAME>
     <FIELDNAME>GLTGV</FIELDNAME>
     <POSITION>0012</POSITION>
     <ROLLNAME>XUGLTGV</ROLLNAME>
     <ADMINFIELD>0</ADMINFIELD>
     <SHLPORIGIN>T</SHLPORIGIN>
     <COMPTYPE>E</COMPTYPE>
    </DD03P>
    <DD03P>
     <TABNAME>ZRBC_USER_DATA</TABNAME>
     <FIELDNAME>GLTGB</FIELDNAME>
     <POSITION>0013</POSITION>
     <ROLLNAME>XUGLTGB</ROLLNAME>
     <ADMINFIELD>0</ADMINFIELD>
     <SHLPORIGIN>T</SHLPORIGIN>
     <COMPTYPE>E</COMPTYPE>
    </DD03P>
    <DD03P>
     <TABNAME>ZRBC_USER_DATA</TABNAME>
     <FIELDNAME>TRDAT</FIELDNAME>
     <POSITION>0014</POSITION>
     <ROLLNAME>XULDATE</ROLLNAME>
     <ADMINFIELD>0</ADMINFIELD>
     <SHLPORIGIN>T</SHLPORIGIN>
     <COMPTYPE>E</COMPTYPE>
    </DD03P>
    <DD03P>
     <TABNAME>ZRBC_USER_DATA</TABNAME>
     <FIELDNAME>BCDA1</FIELDNAME>
     <POSITION>0015</POSITION>
     <ROLLNAME>XUBCDAT</ROLLNAME>
     <ADMINFIELD>0</ADMINFIELD>
     <SHLPORIGIN>T</SHLPORIGIN>
     <COMPTYPE>E</COMPTYPE>
    </DD03P>
    <DD03P>
     <TABNAME>ZRBC_USER_DATA</TABNAME>
     <FIELDNAME>LOCNT</FIELDNAME>
     <POSITION>0016</POSITION>
     <ROLLNAME>XULOCNT</ROLLNAME>
     <ADMINFIELD>0</ADMINFIELD>
     <COMPTYPE>E</COMPTYPE>
    </DD03P>
    <DD03P>
     <TABNAME>ZRBC_USER_DATA</TABNAME>
     <FIELDNAME>ACCNT</FIELDNAME>
     <POSITION>0017</POSITION>
     <ROLLNAME>XUACCNT</ROLLNAME>
     <ADMINFIELD>0</ADMINFIELD>
     <COMPTYPE>E</COMPTYPE>
    </DD03P>
    <DD03P>
     <TABNAME>ZRBC_USER_DATA</TABNAME>
     <FIELDNAME>PNAME</FIELDNAME>
     <POSITION>0018</POSITION>
     <ROLLNAME>SNC_PNAME</ROLLNAME>
     <ADMINFIELD>0</ADMINFIELD>
     <COMPTYPE>E</COMPTYPE>
    </DD03P>
    <DD03P>
     <TABNAME>ZRBC_USER_DATA</TABNAME>
     <FIELDNAME>LANGU</FIELDNAME>
     <POSITION>0019</POSITION>
     <ROLLNAME>XULANGU</ROLLNAME>
     <ADMINFIELD>0</ADMINFIELD>
     <COMPTYPE>E</COMPTYPE>
    </DD03P>
    <DD03P>
     <TABNAME>ZRBC_USER_DATA</TABNAME>
     <FIELDNAME>DCPFM</FIELDNAME>
     <POSITION>0020</POSITION>
     <ROLLNAME>XUDCPFM</ROLLNAME>
     <ADMINFIELD>0</ADMINFIELD>
     <VALEXI>X</VALEXI>
     <SHLPORIGIN>F</SHLPORIGIN>
     <COMPTYPE>E</COMPTYPE>
    </DD03P>
    <DD03P>
     <TABNAME>ZRBC_USER_DATA</TABNAME>
     <FIELDNAME>DATFM</FIELDNAME>
     <POSITION>0021</POSITION>
     <ROLLNAME>XUDATFM</ROLLNAME>
     <ADMINFIELD>0</ADMINFIELD>
     <VALEXI>X</VALEXI>
     <SHLPORIGIN>F</SHLPORIGIN>
     <COMPTYPE>E</COMPTYPE>
    </DD03P>
    <DD03P>
     <TABNAME>ZRBC_USER_DATA</TABNAME>
     <FIELDNAME>TIMEFM</FIELDNAME>
     <POSITION>0022</POSITION>
     <ROLLNAME>XUTIMEFM</ROLLNAME>
     <ADMINFIELD>0</ADMINFIELD>
     <VALEXI>X</VALEXI>
     <SHLPORIGIN>F</SHLPORIGIN>
     <COMPTYPE>E</COMPTYPE>
    </DD03P>
    <DD03P>
     <TABNAME>ZRBC_USER_DATA</TABNAME>
     <FIELDNAME>SPLD</FIELDNAME>
     <POSITION>0023</POSITION>
     <ROLLNAME>RSPOPNAME</ROLLNAME>
     <ADMINFIELD>0</ADMINFIELD>
     <COMPTYPE>E</COMPTYPE>
    </DD03P>
    <DD03P>
     <TABNAME>ZRBC_USER_DATA</TABNAME>
     <FIELDNAME>TZONE</FIELDNAME>
     <POSITION>0024</POSITION>
     <ROLLNAME>TZNZONE</ROLLNAME>
     <ADMINFIELD>0</ADMINFIELD>
     <COMPTYPE>E</COMPTYPE>
    </DD03P>
    <DD03P>
     <TABNAME>ZRBC_USER_DATA</TABNAME>
     <FIELDNAME>GROUP</FIELDNAME>
     <POSITION>0025</POSITION>
     <ROLLNAME>CHAR255</ROLLNAME>
     <ADMINFIELD>0</ADMINFIELD>
     <COMPTYPE>E</COMPTYPE>
    </DD03P>
    <DD03P>
     <TABNAME>ZRBC_USER_DATA</TABNAME>
     <FIELDNAME>GUIFLAG</FIELDNAME>
     <POSITION>0026</POSITION>
     <ROLLNAME>SNC_GUIFLG</ROLLNAME>
     <ADMINFIELD>0</ADMINFIELD>
     <VALEXI>X</VALEXI>
     <SHLPORIGIN>F</SHLPORIGIN>
     <COMPTYPE>E</COMPTYPE>
    </DD03P>
   </DD03P_TABLE>
  </asx:values>
 </asx:abap>
</abapGit>
